EmployeeID,Name,Age,Department,Salary,JoinDate,PerformanceScore
100,Jyoti Reddy,45,Support,102991,27-12-2023,8.4
101,Raj Sharma,44,Sales,65777,14-08-2020,6.3
102,Ravi Nair,23,Marketing,75017,22-04-2022,8.7
103,Rohit Verma,54,Sales,108069,27-11-2020,6.8
104,Arjun Nair,50,Sales,35801,16-03-2022,9
105,Kavita Joshi,56,Support,80993,22-05-2020,9.3
106,Nikhil Patel,34,Engineering,118891,15-10-2024,7.6
107,Vikas Reddy,57,Support,100316,10-07-2017,6
108,Jyoti Kumar,29,Engineering,36655,16-08-2018,7
109,Arjun Joshi,35,Finance,117922,06-07-2022,6.7
110,Deepak Nair,49,Sales,62097,22-10-2021,5.5
111,Vikas Kumar,44,Marketing,82921,27-04-2018,7.7
112,Priya Sharma,43,HR,85609,15-01-2025,9.3
113,Vikas Patel,27,Support,83006,24-06-2020,6.8
114,Meena Das,58,HR,110135,08-04-2022,8.8
115,Deepak Joshi,26,Finance,117142,05-09-2024,5.4
116,Nikhil Kumar,53,Engineering,86179,14-05-2015,7.1
117,Jyoti Sharma,56,Support,69734,12-07-2020,5.7
118,Neha Kumar,37,Engineering,47019,28-03-2020,8.6
119,Raj Verma,40,Engineering,116672,08-12-2018,7
120,Meena Patel,40,Marketing,58251,03-09-2022,8.7
121,Amit Mehta,47,Finance,62217,23-03-2025,9.8
122,Anjali Kumar,44,HR,31150,03-11-2020,8.5
123,Sneha Kumar,22,Finance,96617,09-04-2023,9.6
124,Suresh Patel,55,Engineering,76175,16-11-2022,7.7
125,Anjali Kumar,46,Finance,75543,18-11-2022,9.7
126,Amit Das,22,Engineering,33343,29-12-2018,7.6
127,Kavita Sharma,26,HR,89638,21-01-2024,5.2
128,Pooja Mehta,47,Sales,97215,30-05-2023,5.8
129,Ravi Reddy,43,Finance,114664,31-03-2018,6.7
130,Priya Verma,49,Support,84340,19-10-2016,5.5
131,Kavita Verma,51,Finance,108781,09-03-2020,8.5
132,Vikas Patel,33,Support,73919,16-02-2024,5.5
133,Kavita Kumar,42,Sales,92752,22-01-2021,7.3
134,Rohit Kumar,58,Finance,56646,12-12-2016,5.2
135,Meena Reddy,26,Finance,98385,10-05-2019,6.3
136,Suresh Mehta,31,Marketing,53289,21-08-2020,9.7
137,Pooja Iyer,53,Finance,90160,07-03-2019,7.7
138,Nikhil Verma,25,Sales,57663,30-09-2018,5.4
139,Kiran Verma,23,Engineering,79115,12-11-2017,7.9
140,Amit Das,48,Finance,96387,10-10-2015,7.9
141,Kiran Das,56,Sales,65195,23-02-2016,5.6
142,Amit Verma,58,Support,68304,11-07-2019,8.3
143,Ravi Reddy,50,HR,116027,11-06-2023,5.5
144,Ravi Nair,23,HR,57350,06-08-2016,5.4
145,Sanjay Reddy,29,Engineering,118668,08-02-2023,9.2
146,Kavita Reddy,47,Finance,106797,30-05-2022,9.1
147,Vikas Das,28,Finance,33267,25-02-2025,8.5
148,Kavita Reddy,32,Marketing,30412,01-09-2018,5.2
149,Meena Reddy,46,HR,90692,21-11-2021,9.8
150,Neha Joshi,57,Engineering,74425,08-10-2023,7.1
151,Meena Joshi,45,Marketing,77295,27-02-2022,7.9
152,Ravi Verma,56,HR,115999,06-07-2019,5.6
153,Deepak Nair,53,HR,89031,13-11-2017,9.3
154,Kiran Reddy,53,Sales,91476,15-06-2015,6.2
155,Jyoti Iyer,34,Sales,73286,04-03-2017,8.8
156,Meena Patel,51,Engineering,44397,04-08-2022,7.5
157,Nikhil Reddy,46,HR,80517,30-01-2019,6.5
158,Nikhil Kumar,40,HR,77280,08-05-2018,5.3
159,Ravi Kumar,40,HR,66939,03-03-2024,6.8
160,Priya Reddy,49,Sales,112637,06-04-2023,8.4
161,Meena Iyer,40,Marketing,90921,19-03-2016,8.2
162,Suresh Joshi,26,HR,119112,03-11-2024,7.8
163,Anjali Joshi,42,HR,90566,07-08-2019,8.9
164,Deepak Mehta,35,Marketing,39348,04-06-2017,8.7
165,Sneha Joshi,50,Support,119930,15-02-2023,5.6
166,Jyoti Iyer,33,Sales,78136,17-08-2017,8.8
167,Suresh Mehta,38,Sales,107052,07-04-2023,9.2
168,Ravi Das,34,Support,80343,24-05-2024,5.4
169,Jyoti Sharma,48,Support,49065,13-11-2024,5.7
170,Raj Sharma,50,HR,84693,03-10-2020,9.9
171,Arjun Iyer,22,Finance,113285,21-11-2022,9.1
172,Sanjay Patel,28,HR,67080,12-12-2023,8
173,Sanjay Verma,57,Sales,65909,14-08-2022,8.5
174,Priya Das,40,HR,102124,05-09-2024,6.9
175,Kiran Joshi,48,HR,55289,11-12-2022,9.5
176,Arjun Reddy,24,Finance,116188,24-01-2018,5.1
177,Divya Sharma,49,Finance,33709,08-06-2023,5.3
178,Priya Joshi,49,Support,87799,06-01-2023,5.6
179,Arjun Das,22,Finance,69298,08-10-2019,7.9
180,Raj Mehta,46,Sales,63591,26-07-2019,7.6
181,Raj Reddy,27,Engineering,97641,29-01-2020,5.1
182,Deepak Patel,53,Support,52700,24-03-2024,5.2
183,Sneha Iyer,42,Engineering,50559,09-08-2023,7.6
184,Priya Sharma,32,Marketing,106539,06-06-2019,5.4
185,Divya Das,56,HR,60354,12-01-2020,9.8
186,Priya Kumar,39,Sales,101726,04-11-2022,8.1
187,Sanjay Mehta,35,Sales,82638,04-09-2016,10
188,Pooja Verma,24,Sales,49087,21-03-2020,8.7
189,Pooja Mehta,32,Sales,108859,08-05-2019,9.8
190,Nikhil Kumar,37,Support,51447,25-12-2019,7
191,Sneha Das,45,Support,96203,26-01-2021,6.7
192,Sanjay Sharma,49,Support,91529,18-10-2020,6.9
193,Jyoti Mehta,49,Support,57355,19-07-2024,6.8
194,Neha Patel,57,Engineering,50159,23-09-2016,7.3
195,Neha Verma,38,Support,68088,17-09-2017,6.5
196,Jyoti Patel,41,Engineering,65547,04-12-2017,6.4
197,Sneha Das,34,Sales,64349,18-04-2019,5.4
198,Raj Reddy,27,Support,35713,16-11-2021,7.1
199,Rohit Kumar,26,Marketing,80990,16-12-2017,9.6
